{"cameraMode":{"drawMode":0,"name":"Shaded","section":"Shading Mode"},"sceneLighting":false,"audioPlay":false,"sceneViewState":{"m_AlwaysRefresh":false,"showFog":true,"showSkybox":false,"showFlares":true,"showImageEffects":true,"showParticleSystems":true,"showVisualEffectGraphs":true,"m_FxEnabled":true},"in2DMode":false,"pivot":{"x":2.907305955886841,"y":-1.633492350578308,"z":-0.031121522188186647},"rotation":{"x":-0.02880367822945118,"y":0.012591435573995114,"z":-0.0003617185866460204,"w":-0.9995099902153015},"size":0.9215603470802307,"orthographic":false}